{"cameraMode":{"drawMode":0,"name":"Shaded","section":"Shading Mode"},"sceneLighting":false,"audioPlay":false,"sceneViewState":{"m_AlwaysRefresh":false,"showFog":true,"showSkybox":false,"showFlares":true,"showImageEffects":true,"showParticleSystems":true,"showVisualEffectGraphs":true,"m_FxEnabled":true},"in2DMode":false,"pivot":{"x":0.13908132910728455,"y":3.155048370361328,"z":3.3270275592803957},"rotation":{"x":-0.01629883423447609,"y":0.9768131971359253,"z":-0.1978158950805664,"w":-0.08047483116388321},"size":0.5673364400863648,"orthographic":false}