{"cameraMode":{"drawMode":0,"name":"Shaded","section":"Shading Mode"},"sceneLighting":false,"audioPlay":false,"sceneViewState":{"m_AlwaysRefresh":false,"showFog":true,"showSkybox":false,"showFlares":true,"showImageEffects":true,"showParticleSystems":true,"showVisualEffectGraphs":true,"m_FxEnabled":true},"in2DMode":false,"pivot":{"x":0.31945574283599856,"y":-0.13247156143188477,"z":-0.10477161407470703},"rotation":{"x":-0.132073774933815,"y":-0.7046322226524353,"z":0.13611513376235963,"w":-0.6837992072105408},"size":3.0404887199401857,"orthographic":false}