{"cameraMode":{"drawMode":0,"name":"Shaded","section":"Shading Mode"},"sceneLighting":false,"audioPlay":false,"sceneViewState":{"m_AlwaysRefresh":false,"showFog":true,"showSkybox":false,"showFlares":true,"showImageEffects":true,"showParticleSystems":true,"showVisualEffectGraphs":true,"m_FxEnabled":true},"in2DMode":false,"pivot":{"x":-0.00008291006088256836,"y":-0.1567501723766327,"z":-0.03973371535539627},"rotation":{"x":-0.1660226732492447,"y":-0.01420250441879034,"z":0.002396841300651431,"w":-0.986035168170929},"size":1.4094444513320923,"orthographic":false}