{"cameraMode":{"drawMode":0,"name":"Shaded","section":"Shading Mode"},"sceneLighting":false,"audioPlay":false,"sceneViewState":{"m_AlwaysRefresh":false,"showFog":true,"showSkybox":false,"showFlares":true,"showImageEffects":true,"showParticleSystems":true,"showVisualEffectGraphs":true,"m_FxEnabled":true},"in2DMode":false,"pivot":{"x":-1.4360737800598145,"y":1.5766456127166749,"z":-5.392932415008545},"rotation":{"x":0.02727796509861946,"y":-0.9665162563323975,"z":0.22763463854789735,"w":0.11565499752759934},"size":4.833974361419678,"orthographic":false}